Artist,Title,Collection,Min,Median,Higher,Min_230529,Median_230529,Higher_230529,Min_230607,Median_230607,Higher_230607,Min_230612,Median_230612,Higher_230612,Min_230619,Median_230619,Higher_230619,Min_230626,Median_230626,Higher_230626,Min_230703,Median_230703,Higher_230703,Min_230711,Median_230711,Higher_230711,Min_230717,Median_230717,Higher_230717
a-ha,East Of The Sun West Of The Moon,Original Collection Italy,5.05,11.62,26.28,5.05,11.62,26.28,5.11,11.75,26.57,5.05,11.62,26.28,4.95,11.38,25.72,5.05,13.14,26.29,5.05,13.14,26.29,5.0,26.0,26.0,4.94,25.71,25.71
a-ha,Hunting High And Low,Original Collection Italy,1.07,10.21,15.33,1.07,10.21,15.33,1.08,10.32,15.49,1.07,10.21,15.33,1.05,10.0,15.0,1.06,10.1,15.16,1.06,10.1,15.16,1.05,15.0,15.0,1.03,14.67,14.67
a-ha,Stay On These Roads,Original Collection Italy,3.0,7.0,15.0,3.0,7.0,15.0,3.03,7.08,15.16,3.0,7.0,15.0,2.94,6.85,14.68,2.97,6.92,14.84,2.97,6.92,14.84,2.94,14.68,14.68,2.87,14.35,14.35
The Alan Parsons Project,Ammonia Avenue,2023 Second Hand,1.12,6.38,11.87,1.12,6.38,11.87,1.13,6.45,12.0,1.12,6.38,11.87,1.1,6.24,11.62,1.11,6.31,11.74,1.16,7.0,12.0,1.15,11.87,11.87,1.13,11.61,11.61
The Alan Parsons Project,Historias De Misterio E Imaginacion = Tales Of Mystery And Imagination,2023 Second Hand,3.07,5.62,15.33,3.07,5.62,15.33,3.1,5.68,15.49,3.07,5.62,15.33,3.0,5.5,15.0,3.0,5.8,15.0,3.0,5.8,15.0,2.97,14.84,14.84,2.9,14.51,14.51
The Alan Parsons Project,Pyramid,2023 Second Hand,1.02,3.35,14.11,1.02,3.35,14.11,1.03,3.38,14.27,1.02,3.35,14.11,1.0,3.28,13.81,1.01,3.31,13.96,1.01,3.31,13.96,1.0,13.81,13.81,0.98,13.51,13.51
Andrew Lloyd Webber,Cats,2022 Second Hand,2.83,5.73,51.1,2.83,5.73,51.1,2.86,5.79,51.65,2.83,5.73,51.1,2.76,5.6,50.0,2.79,5.67,50.55,2.79,5.67,50.55,2.76,50.0,50.0,2.7,48.9,48.9
Angelo Branduardi,Highdown Fair,2022 Second Hand,3.0,10.0,12.0,3.0,10.0,12.0,3.03,10.11,12.13,3.0,10.0,12.0,2.94,9.78,11.74,2.97,9.89,11.87,2.97,9.89,11.87,2.94,11.74,11.74,2.87,11.48,11.48
The Beatles,Hey Jude,Father Collection,20.44,28.62,28.62,20.44,28.62,28.62,20.66,28.92,28.92,20.44,28.62,28.62,20.0,28.0,28.0,20.22,28.31,28.31,20.22,28.31,28.31,20.0,28.0,28.0,19.56,27.38,27.38
Billie Holiday,Lady In Satin,Original Collection,12.84,17.65,22.83,12.84,17.65,22.83,12.98,18.79,24.79,12.84,18.59,24.52,12.56,18.19,24.0,12.7,18.39,24.26,12.7,18.39,24.26,12.56,24.0,24.0,12.29,23.47,23.47
Bonnie Raitt,Nick Of Time,2022 Second Hand,3.39,4.84,12.55,3.39,4.84,12.55,3.43,4.9,12.68,3.39,4.84,12.55,3.32,4.74,12.28,3.35,4.79,12.41,3.35,4.79,12.41,3.32,12.28,12.28,3.24,12.01,12.01
Bruce Springsteen,Tunnel Of Love,Original Collection,2.48,11.06,62.0,2.48,11.06,62.0,2.51,11.18,62.67,2.48,11.06,62.0,2.43,10.82,60.67,2.45,10.94,61.33,2.45,10.94,61.33,2.43,60.67,60.67,2.37,59.33,59.33
Bruce Springsteen,Western Stars,Original Collection,4.1,18.36,41.95,4.1,18.36,41.95,4.14,18.56,42.4,4.16,18.59,41.95,4.07,18.19,41.05,4.17,18.76,41.95,4.17,18.04,41.95,4.13,41.49,41.49,14.75,41.48,41.48
Cariocas,Batida,Original Collection Italy,6.13,10.22,30.66,6.13,10.22,30.66,6.58,10.11,30.32,6.51,10.0,30.0,6.37,9.78,29.35,6.44,9.89,29.68,6.44,9.89,29.68,6.37,29.35,29.35,6.23,28.71,28.71
Claudio Baglioni,La Vita È Adesso,2022 Second Hand Rita,2.06,5.17,20.15,2.06,5.17,20.15,2.08,5.22,20.37,2.06,5.17,20.15,1.95,5.16,17.61,1.97,5.22,17.81,1.97,5.22,17.81,1.95,17.61,17.61,1.9,17.23,17.23
Claudio Baglioni,Solo,Original Collection Italy,2.04,9.71,29.62,2.04,9.71,29.62,2.07,9.81,29.94,2.04,9.71,29.62,2.0,9.5,28.98,2.02,9.6,29.3,2.02,9.6,29.3,2.0,28.98,28.98,1.96,28.34,28.34
The Crusaders With B. B. King* And The Royal Philharmonic Orchestra,"Royal Jam (Recorded Live At The Royal Festival Hall, London)",2023 Second Hand,0.99,5.44,7.91,0.99,5.44,7.91,1.0,5.5,8.0,0.99,5.44,7.91,0.97,5.32,7.74,0.98,5.38,7.83,0.98,5.38,7.83,0.97,7.74,7.74,0.9500000000000001,7.57,7.57
Culture Club,Waking Up With The House On Fire,2022 Second Hand,1.85,3.58,10.22,1.85,3.58,10.22,1.87,3.62,10.33,1.85,3.58,10.22,1.81,3.5,10.0,1.83,3.54,10.11,1.83,3.54,10.11,1.81,10.0,10.0,1.77,9.78,9.78
Dire Straits,Communiqué,2023 Second Hand,1.01,7.83,20.22,1.01,7.83,20.22,1.01,7.83,20.22,1.0,7.75,20.0,0.98,7.58,19.57,1.01,8.59,20.22,1.01,8.59,20.22,1.0,20.0,20.0,0.99,19.78,19.78
Dire Straits,Making Movies,2023 Second Hand,4.79,5.6,5.66,4.79,5.6,5.66,4.85,5.66,5.72,4.79,5.6,5.66,4.95,5.76,5.84,5.0,5.82,5.9,5.0,5.82,5.9,4.95,5.84,5.84,4.84,5.71,5.71
Dire Straits & Mark Knopfler,Private Investigations (The Best Of),Original Collection,19.44,28.2,38.12,19.44,28.2,38.12,19.65,28.5,38.53,19.03,28.2,38.12,19.23,27.71,37.3,19.44,28.01,37.71,19.23,27.89,37.71,19.02,37.3,37.3,19.02,36.59,36.59
The Doors,13,Original Collection Rita,10.26,21.38,30.56,10.26,21.38,30.56,10.37,21.61,30.89,10.26,21.38,30.56,10.04,20.92,29.9,10.15,21.15,30.23,10.15,21.15,30.23,10.04,29.9,29.9,9.82,29.24,29.24
The Doors,The Doors (Music From The Original Motion Picture),Original Collection Italy,4.99,16.37,36.17,4.99,16.37,36.17,5.04,16.55,36.56,4.99,16.37,39.99,4.88,16.02,39.13,4.94,16.2,39.56,4.94,16.2,39.56,4.94,39.56,39.56,4.83,38.69,38.69
The Doors,Weird Scenes Inside The Gold Mine,Original Collection Rita,17.44,25.88,37.17,17.44,25.88,37.17,17.62,26.16,37.57,17.44,25.88,37.17,17.06,25.32,36.37,17.25,25.6,36.77,17.25,25.6,36.77,17.06,36.37,36.37,16.69,35.57,35.57
Duran Duran,Notorious,Original Collection Italy,2.04,7.15,24.53,2.04,7.15,24.53,2.02,6.97,24.26,2.0,6.9,24.0,1.96,6.75,23.48,1.98,6.82,23.74,1.98,6.82,23.74,1.96,23.48,23.48,1.9100000000000001,22.97,22.97
Edoardo Bennato,Burattino Senza Fili,Father Collection,2.01,15.16,45.48,2.01,15.16,45.48,2.03,15.33,45.97,1.99,15.0,44.99,1.95,14.68,44.02,1.52,14.66,45.48,1.52,13.65,26.88,1.48,29.67,29.67,1.45,29.02,29.02
Edoardo Bennato,Non Farti Cadere Le Braccia,Original Collection Italy,2.33,6.89,22.48,2.33,6.89,22.48,2.35,6.97,22.73,3.0,7.25,22.0,2.94,7.09,21.53,2.97,7.17,21.76,2.97,7.17,21.76,2.94,21.53,21.53,2.87,21.05,21.05
Electric Light Orchestra,Discovery,2023 Second Hand,2.02,5.5600000000000005,10.11,2.02,5.5600000000000005,10.11,2.04,5.62,10.22,2.02,5.5600000000000005,10.11,1.98,5.44,9.89,2.0,5.5,10.0,2.0,5.5,10.0,1.98,9.89,9.89,1.9300000000000002,9.67,9.67
Electric Light Orchestra,Eldorado - A Symphony By The Electric Light Orchestra,2023 Second Hand,5.8100000000000005,9.68,16.47,5.8100000000000005,9.68,16.47,5.88,9.79,16.65,5.8100000000000005,9.68,16.47,5.69,9.47,16.11,5.75,9.58,16.29,5.75,9.58,16.29,5.69,16.11,16.11,5.5600000000000005,15.76,15.76
Ella Fitzgerald With Orchestra*,The First Lady Of Jazz,45,6.49,6.49,6.49,6.49,6.49,6.49,6.5600000000000005,6.5600000000000005,6.5600000000000005,6.49,6.49,6.49,6.35,6.35,6.35,6.42,6.42,6.42,6.42,6.42,6.42,6.35,6.35,6.35,6.21,6.21,6.21
"Emerson, Lake & Palmer",In Concert,2023 Second Hand,1.89,4.94,10.73,1.89,4.94,10.73,1.91,5.0,10.85,1.89,4.95,10.73,1.85,4.84,10.5,1.87,4.89,10.61,1.87,4.89,10.61,1.85,10.5,10.5,1.81,10.27,10.27
Emmylou Harris And The Nash Ramblers,Ramble In Music City: The Lost Concert,Original Collection,8.49,18.39,69.75,8.49,18.39,69.75,8.58,18.58,70.5,8.49,18.39,69.75,8.31,17.99,68.25,8.4,18.19,69.0,8.4,11.05,69.0,8.31,68.25,68.25,8.13,66.75,66.75
Fausto Papetti,"39a Raccolta - ""Sax' Idea""",2021 Second Hand,0.98,7.82,14.66,0.98,7.82,14.66,0.99,7.91,14.82,0.98,7.82,14.66,0.96,7.65,14.35,0.97,7.74,14.51,0.97,7.74,14.51,0.96,14.35,14.35,0.9400000000000001,14.03,14.03
Fernandez Pray Und Sein Orchester,Midnight In Rio,45,1.92,4.79,5.74,1.92,4.79,5.74,1.94,4.85,5.8,1.92,4.79,5.74,1.88,4.69,5.62,1.9,4.74,5.68,1.9,4.74,5.68,1.88,5.62,5.62,1.8399999999999999,5.5,5.5
Fleetwood Mac,Mirage,2022 Second Hand,3.06,6.03,10.22,3.06,6.03,10.22,3.09,6.09,10.33,2.99,5.95,12.08,2.93,5.82,11.82,2.96,5.88,11.95,2.96,5.88,11.95,2.93,11.82,11.82,2.86,11.56,11.56
Battiato*,L'Era Del Cinghiale Bianco,Father Collection,29.0,58.56,180.0,29.0,58.56,180.0,29.31,59.19,181.94,29.0,58.56,180.0,28.38,57.3,176.13,28.69,57.93,178.06,28.69,57.93,178.06,21.76,178.04,178.04,21.28,174.13,174.13
Franco Cerri,Nuages,Original Collection Italy,18.98,26.05,52.19,18.98,26.05,52.19,19.18,26.33,52.76,18.98,26.05,52.19,18.57,25.49,51.07,18.78,25.77,51.63,18.78,25.77,51.63,18.57,51.07,51.07,18.16,49.95,49.95
Frank Zappa,Orchestral Favorites,Original Collection Italy,4.65,11.62,13.95,4.65,11.62,13.95,5.05,12.13,15.16,5.0,12.0,15.0,4.89,11.74,14.68,4.95,11.87,14.84,4.95,11.87,14.84,4.89,14.68,14.68,4.78,14.35,14.35
Genesis,Live,2023 Second Hand,2.37,6.24,15.16,2.37,6.24,15.16,2.39,6.3,15.33,2.34,5.67,15.0,2.29,5.55,14.68,2.37,5.73,15.16,2.37,5.73,15.16,2.31,14.84,14.84,2.31,14.83,14.83
Gianna Nannini,Maschi E Altri,Original Collection Italy,2.55,9.7,38.32,2.55,9.7,38.32,2.58,9.81,38.74,2.55,9.7,38.32,2.5,9.49,37.5,2.53,9.6,37.91,2.53,9.6,37.91,2.5,37.5,37.5,2.45,36.68,36.68
Graciela Guevara,Graciela Guevara,Original Collection Italy,21.57,21.57,21.57,21.57,21.57,21.57,21.8,21.8,21.8,21.57,21.57,21.57,21.1,21.1,21.1,21.34,21.34,21.34,21.34,21.34,21.34,21.1,21.1,21.1,20.64,20.64,20.64
James Taylor (2),James Taylor's Greatest Hits,2023 Second Hand,1.47,3.5,14.73,1.47,3.5,14.73,1.49,3.54,14.89,1.47,3.5,14.73,1.44,3.42,14.42,1.46,3.46,14.57,1.46,3.46,14.57,1.44,14.42,14.42,1.4100000000000001,14.1,14.1
Jimi Hendrix,Blues,Original Collection,17.67,24.17,36.79,17.67,24.17,36.79,17.86,24.43,36.39,17.67,24.17,36.0,17.29,23.65,35.61,17.48,23.91,36.0,17.48,23.91,36.4,17.29,36.0,36.0,16.91,35.21,35.21
Joe Sample,Rainbow Seeker,2023 Second Hand,3.76,8.3,23.48,3.76,8.3,23.48,3.8,8.39,23.74,3.76,8.3,23.48,3.68,8.12,22.98,3.72,8.21,23.23,3.72,8.21,23.23,3.68,22.98,22.98,4.0,25.0,25.0
Joe Sample,David T. Walker - Swing Street Cafe,2021 Second Hand,2.73,5.2,18.6,2.73,5.2,18.6,2.76,5.25,18.8,2.73,5.2,18.6,2.68,5.09,18.2,2.7,5.14,18.4,1.83,4.95,18.4,1.81,18.2,18.2,1.77,17.8,17.8
John Barry,Dances With Wolves (Original Motion Picture Soundtrack),Original Collection Italy,4.06,13.53,35.77,4.06,13.53,35.77,4.1,13.14,35.38,4.06,13.0,35.0,3.97,12.72,34.25,4.01,12.86,34.62,4.06,12.94,22.06,4.02,21.82,21.82,3.93,21.34,21.34
The London Symphony Orchestra And Chambre Choir*,Tommy / As Performed By The London Symphony Orchestra And Chambre Choir With Guest Soloists,Original Collection Italy,1.0,5.04,37.2,1.0,5.04,37.2,1.0,5.04,37.6,0.99,4.99,37.2,0.97,4.88,36.4,0.98,4.94,36.8,0.98,4.94,36.8,0.98,36.4,36.4,0.96,35.6,35.6
Los Cachaos,Samba Rumba Y Cha Cha Cha,Original Collection Italy,10.78,10.78,10.78,10.78,10.78,10.78,10.9,10.9,10.9,10.78,10.78,10.78,10.55,10.55,10.55,10.67,10.67,10.67,10.67,10.67,10.67,10.55,10.55,10.55,10.32,10.32,10.32
Luca Barbarossa,Al Di Là Del Muro,Original Collection Italy,0.88,1.96,9.78,0.88,1.96,9.78,0.89,1.98,9.88,0.88,1.96,9.78,0.86,1.92,9.57,0.87,1.94,9.67,0.9,2.0,9.99,0.89,9.88,9.88,0.87,9.66,9.66
Luigi Tenco,Agli Amici Cantautori,Original Collection Italy,3.87,6.77,11.62,3.87,6.77,11.62,3.92,6.84,11.75,3.87,6.77,11.62,3.79,6.63,11.38,3.83,6.7,11.5,3.83,6.7,11.5,3.96,11.87,11.87,3.87,11.61,11.61
Madonna,Like A Prayer,Original Collection Italy,3.39,5.74,22.91,3.39,5.74,22.91,3.42,5.8,23.15,3.39,5.74,22.91,3.31,5.62,22.41,3.35,5.68,22.66,3.35,5.68,22.66,3.4,22.98,22.98,3.32,22.48,22.48
Madonna,Like A Virgin,Original Collection Italy,4.03,9.05,20.22,4.03,9.05,20.22,4.08,9.14,20.43,4.03,9.05,20.22,3.95,8.85,19.78,3.99,8.95,20.0,3.99,9.0,20.0,3.95,19.78,19.78,3.86,19.35,19.35
Madonna,The First Album,Original Collection Italy,4.0,10.0,29.99,4.0,10.0,29.99,4.04,10.11,30.31,4.0,10.0,29.99,3.91,9.78,29.35,3.96,9.89,29.67,4.04,10.11,30.32,3.96,29.66,29.66,3.87,29.01,29.01
Madonna,True Blue,Original Collection Italy,4.54,7.23,15.5,4.54,7.23,15.5,4.44,6.97,15.16,4.39,6.9,15.0,3.91,6.11,14.68,3.96,6.18,14.84,3.96,6.18,14.84,3.91,14.68,14.68,3.83,14.35,14.35
Marvin Gaye & Tammi Terrell,United,Original Collection Rita,12.95,22.89,31.41,12.95,22.89,31.41,13.09,23.14,31.75,12.95,22.89,31.41,12.67,22.4,30.74,12.97,23.36,34.95,12.97,23.36,34.95,12.83,34.57,34.57,12.55,33.81,33.81
Mel Lewis,Live In Montreux,2021 Second Hand,6.5600000000000005,6.62,13.23,6.5600000000000005,6.62,13.23,6.63,6.69,13.38,6.5600000000000005,6.62,13.23,6.42,6.47,12.95,6.49,6.55,13.09,6.49,6.55,13.09,6.42,12.95,12.95,6.28,12.66,12.66
Michael Jackson,Bad,Original Collection Italy,8.99,15.45,40.0,8.99,15.45,40.0,9.09,15.62,40.43,0.95,15.45,40.0,0.93,15.12,39.14,0.94,15.28,39.57,0.94,15.28,39.57,0.93,39.14,39.14,0.91,38.28,38.28
Mike Oldfield,Amarok,2022 Second Hand,9.1,16.89,40.43,9.1,16.89,40.43,9.1,18.19,40.43,8.9,17.8,39.57,7.91,16.46,39.57,8.0,16.64,40.0,8.0,16.64,40.0,7.91,39.57,39.57,7.74,38.7,38.7
Mike Oldfield,Earth Moving,2021 Second Hand,2.55,5.11,10.22,2.55,5.11,10.22,2.58,5.16,10.33,2.55,5.11,10.22,2.5,5.0,10.0,2.53,5.05,10.11,2.53,5.05,10.11,2.5,10.0,10.0,2.45,9.78,9.78
Mike Oldfield,Five Miles Out,2023 Second Hand,1.01,6.6,12.25,1.01,6.6,12.25,1.02,6.67,12.39,1.01,6.6,12.25,0.99,6.46,11.99,1.0,6.53,12.12,1.0,6.53,12.12,0.99,11.99,11.99,0.97,11.73,11.73
Mike Oldfield,Platinum,2023 Second Hand,3.59,7.93,12.93,3.59,7.93,12.93,3.63,8.01,13.07,3.59,7.93,12.93,3.51,7.76,12.66,3.55,7.84,12.79,3.55,7.84,12.79,3.51,12.66,12.66,3.43,12.38,12.38
Mike Oldfield,QE2,2022 Second Hand,1.45,4.65,10.22,1.45,4.65,10.22,1.45,4.6,10.0,1.44,4.55,9.89,1.4,4.45,9.68,1.42,4.5,9.79,1.42,4.5,9.79,1.4,9.68,9.68,1.37,9.47,9.47
Mike Oldfield,Tubular Bells,2021 Second Hand,3.0,7.94,15.0,3.0,7.94,15.0,3.03,8.03,15.16,3.0,7.94,15.0,2.94,7.77,14.68,2.97,7.86,14.84,2.97,7.86,14.84,2.94,14.68,14.68,2.87,14.35,14.35
Mike Oldfield,Tubular Bells II,Original Collection,6.15,13.07,40.42,6.15,13.07,40.42,6.21,13.21,40.86,6.15,13.07,40.42,6.01,12.79,39.56,6.08,12.93,39.99,6.08,12.93,39.99,6.01,49.45,49.45,5.88,48.36,48.36
Mina (3),Cassiopea (Italian Songbook),Original Collection,10.23,26.76,37.2,10.23,26.76,37.2,10.34,27.05,37.6,10.23,26.76,37.2,10.01,26.19,36.4,10.12,26.48,36.8,10.12,26.48,36.8,10.01,36.4,36.4,9.79,35.6,35.6
Mungo Jerry,In The Summertime,45,0.49,1.73,3.96,0.49,1.73,3.96,0.5,1.75,4.0,0.49,1.73,3.96,0.49,1.71,3.91,0.49,1.73,3.96,0.49,1.73,3.96,0.49,3.91,3.91,0.48,3.83,3.83
New Trolls,Aldebaran,Father Collection,9.02,17.97,18.06,9.02,17.97,18.06,9.12,18.16,18.25,9.02,17.97,18.06,8.83,17.58,17.67,8.92,17.77,17.86,8.92,17.77,17.86,8.83,17.67,17.67,8.63,17.28,17.28
New Trolls,Concerto Grosso N° 2,Father Collection,9.79,18.6,58.74,9.79,18.6,58.74,9.89,18.8,59.37,9.79,18.6,58.74,9.58,18.2,57.47,9.68,18.4,58.11,10.0,18.5,60.0,9.89,59.35,59.35,9.67,58.04,58.04
New Trolls,Senza Orario Senza Bandiera,Father Collection,5.0,10.0,19.99,5.0,10.0,19.99,5.05,10.11,20.2,5.0,10.0,19.99,4.89,9.78,19.56,4.95,9.89,19.78,4.95,9.89,19.78,4.89,19.56,19.56,4.78,19.13,19.13
New Trolls,UT,Father Collection,13.26,50.54,126.36,13.26,50.54,126.36,13.41,51.09,127.72,13.26,50.54,126.36,12.98,49.46,123.64,13.12,50.0,125.0,13.12,50.0,125.0,12.98,123.64,123.64,12.69,120.92,120.92
The Notting Hillbillies,Missing... Presumed Having A Good Time,2022 Second Hand,2.02,7.14,15.16,2.02,7.14,15.16,2.04,7.21,15.33,2.02,7.14,15.16,1.98,6.98,14.84,2.0,7.06,15.0,2.0,7.06,15.0,1.98,14.84,14.84,1.9300000000000002,14.51,14.51
Orchestra «Pro Arte» Di Monaco* / Kurt Redel,"Il Canone Di Pachelbel, Il Largo Di Handel, L'Aria Di Bach (E Altre Loro Celebri Composizioni)",Father Collection,5.54,6.37,7.2,5.54,6.37,7.2,5.6,6.43,7.27,5.54,6.37,7.2,5.42,6.23,7.04,5.48,6.3,7.12,5.48,6.3,7.12,5.42,7.04,7.04,5.3,6.89,6.89
Pat Metheny Group,Still Life (Talking),2022 Second Hand,7.0,12.45,33.0,7.0,12.45,33.0,7.08,12.58,33.35,7.0,12.45,33.0,6.85,12.18,32.29,6.92,12.32,32.65,6.92,12.32,32.65,6.85,32.29,32.29,6.7,31.58,31.58
Pink Floyd,Animals,Father Collection,7.08,22.74,45.49,7.08,22.74,45.49,7.15,22.98,45.98,6.93,20.78,44.52,6.78,20.33,43.56,7.08,21.18,45.49,7.08,21.18,45.49,6.92,44.51,44.51,6.85,44.01,44.01
Pink Floyd,Delicate Sound Of Thunder,Original Collection,45.99,57.92,90.96,45.99,57.92,90.96,46.48,58.54,91.93,45.0,56.93,89.0,44.51,55.84,88.03,45.0,56.45,89.0,45.0,56.45,89.0,44.51,88.03,88.03,44.01,87.04,87.04
Pink Floyd,"Soundtrack From The Film ""More""",Father Collection,7.75,19.38,77.5,7.75,19.38,77.5,7.83,19.58,78.33,7.75,19.38,77.5,7.58,18.96,75.83,7.67,19.17,76.67,7.67,19.17,76.67,7.58,75.83,75.83,7.42,74.17,74.17
Pink Floyd,The Dark Side Of The Moon,Father Collection,9.5,24.99,54.0,9.5,24.99,54.0,9.6,25.26,54.58,9.5,24.99,54.0,9.3,24.45,52.84,9.4,24.72,53.42,9.5,24.99,54.0,9.4,53.41,53.41,9.19,52.24,52.24
Pink Floyd,The Wall,Father Collection,11.52,20.51,83.65,11.52,20.51,83.65,11.65,20.74,84.55,11.52,20.51,83.65,11.27,20.07,81.85,11.74,26.68,82.75,11.74,26.68,82.75,11.53,26.39,81.85,11.36,80.06,80.06
Pino Daniele,Terra Mia,Father Collection,20.44,45.48,71.53,20.44,45.48,71.53,20.66,45.97,72.3,20.44,45.48,71.53,20.0,44.5,69.99,20.22,41.45,70.76,20.22,41.45,70.76,19.78,64.29,64.29,20.0,79.0,79.0
The Police,Every Breath You Take (The Singles),Original Collection Italy,3.95,9.89,19.79,3.95,9.89,19.79,3.99,10.0,20.0,3.95,9.89,19.79,3.86,9.68,19.36,3.91,9.79,19.57,3.91,9.79,19.57,3.86,19.36,19.36,3.7800000000000002,18.94,18.94
The Police,Ghost In The Machine,2021 Second Hand,2.87,7.91,14.84,2.87,7.91,14.84,2.93,8.08,15.16,2.9,7.99,15.0,2.84,7.82,14.68,2.9,7.99,15.0,2.9,7.99,15.0,2.87,14.84,14.84,2.81,14.51,14.51
Premiata Forneria Marconi,Come Ti Va In Riva Alla Città,2022 Second Hand,5.11,15.32,30.66,5.11,15.32,30.66,5.16,15.49,30.99,5.11,15.32,30.66,5.0,14.99,30.0,5.05,15.16,30.33,5.05,15.16,30.33,5.0,30.0,30.0,4.89,29.34,29.34
Premiata Forneria Marconi,L'Isola Di Niente,Father Collection,8.16,31.0,82.67,8.16,31.0,82.67,8.25,31.33,83.56,8.16,31.0,82.67,7.99,30.33,80.89,10.11,30.33,80.88,10.11,30.33,80.88,10.0,80.0,80.0,9.78,78.24,78.24
Premiata Forneria Marconi,Live In U.S.A.,Father Collection,11.87,17.81,27.9,11.87,17.81,27.9,12.0,18.0,28.2,11.87,17.81,27.9,11.62,17.43,27.3,11.74,17.62,27.6,11.74,17.62,27.6,11.62,27.3,27.3,11.36,26.7,26.7
Premiata Forneria Marconi,Per Un Amico,Father Collection,15.0,44.5,150.0,15.0,44.5,150.0,15.16,44.98,151.61,15.0,44.5,150.0,14.68,49.32,146.77,14.84,49.86,148.39,14.84,49.86,148.39,14.84,148.37,148.37,14.51,145.11,145.11
Premiata Forneria Marconi,Photos Of Ghosts,2023 Second Hand,4.74,7.35,47.44,4.74,7.35,47.44,4.8,7.43,47.95,4.74,7.35,47.44,4.64,7.2,46.42,4.69,7.28,46.93,4.69,7.28,46.93,4.64,46.42,46.42,4.54,45.4,45.4
Procol Harum,Exotic Birds And Fruit,2023 Second Hand,2.4,4.09,10.17,2.4,4.09,10.17,2.43,4.13,10.28,2.4,4.09,10.17,2.35,4.0,9.95,2.38,4.04,10.06,2.38,4.04,10.06,2.35,9.95,9.95,2.3,9.73,9.73
Queen,A Night At The Opera,Original Collection,6.64,15.51,26.62,6.64,15.51,26.62,6.71,15.68,26.91,6.64,15.51,26.62,6.5,15.18,26.05,6.57,15.35,26.34,6.57,15.35,26.34,6.5,26.05,26.05,6.36,25.48,25.48
Queen,News Of The World,Original Collection,3.54,20.34,28.3,3.54,20.34,28.3,3.58,20.56,28.61,3.54,20.34,28.3,3.46,19.9,27.7,3.5,20.12,28.0,3.5,20.12,28.0,3.46,27.7,27.7,3.39,27.09,27.09
Queen,Queen,Original Collection,21.14,21.9,22.65,21.14,21.9,22.65,21.36,22.13,22.9,21.14,21.9,22.65,20.68,21.42,22.17,20.91,21.66,22.41,20.91,21.66,22.41,20.68,22.17,22.17,20.23,21.68,21.68
Queen,The Game,Original Collection,10.11,18.19,46.19,10.11,18.19,46.19,10.0,17.99,45.69,9.89,17.8,45.2,9.68,17.42,44.23,9.79,17.61,44.72,9.79,17.61,44.72,9.68,44.23,44.23,9.47,43.26,43.26
Queen,The Miracle,Original Collection,10.06,19.41,35.38,10.06,19.41,35.38,10.17,19.62,35.76,10.06,19.41,35.38,9.84,18.99,34.62,9.95,19.2,35.0,9.95,19.2,35.0,9.84,34.62,34.62,9.73,34.23,34.23
Riccardo Cocciante,I Momenti Dell'Amore,Original Collection Italy,0.99,1.98,3.96,0.99,1.98,3.96,1.0,2.0,4.0,1.0,2.0,4.0,0.98,1.96,3.91,1.0,2.0,4.0,1.0,2.0,4.0,0.99,3.96,3.96,0.97,3.87,3.87
Rick Astley,Hold Me In Your Arms,Original Collection Italy,2.53,4.47,10.11,2.53,4.47,10.11,2.55,4.52,10.22,2.53,4.47,10.11,2.47,4.38,9.89,2.5,4.11,10.0,2.5,4.11,10.0,2.47,9.89,9.89,2.42,9.67,9.67
Rick Wakeman,1984,2023 Second Hand,2.97,4.94,10.39,2.97,4.94,10.39,3.0,5.0,10.5,2.97,4.94,10.39,2.9,4.84,10.16,2.94,4.89,10.28,2.94,4.89,10.28,2.9,10.16,10.16,2.84,9.94,9.94
Rondo' Veneziano*,Arabesque,Original Collection Italy,3.34,8.09,15.16,3.34,8.09,15.16,3.37,8.17,15.33,3.34,8.09,15.16,3.26,7.41,14.84,3.3,7.49,15.0,3.3,7.49,15.0,3.26,14.84,14.84,3.19,14.51,14.51
Roxy Music,Avalon,2023 Second Hand,4.04,9.39,25.27,4.04,9.39,25.27,4.09,9.49,25.54,4.04,9.39,25.27,3.96,9.18,24.73,4.0,9.28,25.0,4.0,9.28,25.0,3.96,24.73,24.73,3.91,24.45,24.45
Santana,Caravanserai,2023 Second Hand,3.99,10.0,20.75,3.99,10.0,20.75,4.03,10.11,20.97,3.99,10.0,20.75,3.9,9.78,20.3,3.95,9.89,20.53,3.95,9.89,20.53,3.9,20.3,20.3,3.8200000000000003,19.86,19.86
Santana,Caravanserai,Original Collection Italy,2.24,5.88,12.9,2.24,5.88,12.9,2.26,5.95,13.04,2.24,5.88,12.9,2.19,5.76,12.62,2.21,5.82,12.76,2.21,5.82,12.76,2.19,12.62,12.62,2.14,12.35,12.35
Santo & Johnny,Il Padrino Famosi Temi Da Films,Original Collection Italy,2.8,3.08,3.36,2.8,3.08,3.36,2.83,3.11,3.4,2.8,3.08,3.36,2.74,3.02,3.29,2.77,3.05,3.33,2.77,3.05,3.33,2.74,3.29,3.29,2.68,3.22,3.22
Santo & Johnny,Tenderly = Teneramente,Original Collection Italy,2.33,4.35,9.69,2.33,4.35,9.69,2.35,4.4,9.79,2.33,4.35,9.69,2.27,4.26,9.48,2.3,4.31,9.58,2.3,4.31,9.58,2.27,9.48,9.48,2.23,9.27,9.27
Sarah Vaughan,Sarah Vaughan,2022 Second Hand,0.92,3.71,9.29,0.92,3.71,9.29,0.93,3.75,9.39,0.92,3.71,9.29,0.9,2.94,9.09,0.91,2.97,9.19,0.91,2.97,9.19,0.9,9.09,9.09,0.88,8.89,8.89
The Shadows,20 Golden Greats,Original Collection Italy,0.98,4.39,19.57,0.98,4.39,19.57,0.99,4.43,19.78,0.98,4.39,19.57,0.96,4.29,19.15,0.97,4.34,19.36,0.97,4.34,19.36,0.96,19.15,19.15,0.9400000000000001,18.73,18.73
The Shadows,20 Golden Greats = 20 Grandes Exitos,2021 Second Hand,2.2,5.0,9.9,2.2,5.0,9.9,2.22,5.05,10.01,1.0,5.0,9.9,0.98,4.89,9.69,0.99,4.95,9.79,0.99,4.95,9.79,0.98,9.69,9.69,0.96,9.47,9.47
Spandau Ballet,Parade,2022 Second Hand,1.9,3.99,12.0,1.9,3.99,12.0,1.92,4.03,12.13,1.9,3.99,12.0,1.86,3.9,11.74,1.88,3.95,11.87,1.88,3.95,11.87,1.86,11.74,11.74,1.82,11.48,11.48
Spandau Ballet,Through The Barricades,2022 Second Hand,1.52,4.14,9.0,1.52,4.14,9.0,1.52,4.36,9.0,1.5,4.31,8.9,1.47,4.39,8.71,1.48,4.44,8.8,1.48,4.44,8.8,1.48,8.8,8.8,1.45,8.61,8.61
Spandau Ballet,True = Verdad,2022 Second Hand,5.87,9.3,9.79,5.87,9.3,9.79,5.94,9.4,9.89,5.87,9.3,9.79,5.75,9.1,9.58,5.8100000000000005,9.2,9.68,5.8100000000000005,9.2,9.68,5.75,9.58,9.58,5.62,9.37,9.37
Status Quo,Blue For You,2022 Second Hand,1.5,4.7,9.9,1.5,4.7,9.9,1.52,4.75,10.0,1.5,4.7,9.9,1.47,4.6,9.68,1.49,4.65,9.79,1.49,4.65,9.79,1.42,9.37,9.37,1.42,9.89,9.89
Status Quo,Just Supposin'...,2022 Second Hand,1.99,4.25,7.9,1.99,4.25,7.9,2.01,4.3,7.98,1.99,4.25,7.9,1.95,3.91,7.73,1.97,3.96,7.82,1.97,3.96,7.82,1.95,7.73,7.73,1.97,7.8100000000000005,7.8100000000000005
Status Quo,Rockin' All Over The World,2022 Second Hand,3.01,4.9,8.1,3.01,4.9,8.1,3.04,4.95,8.19,3.01,4.9,8.1,2.95,4.79,7.93,2.98,4.85,8.01,2.98,4.85,8.01,2.95,7.93,7.93,2.88,7.75,7.75
Supertramp,Crime Of The Century,2023 Second Hand,4.95,7.83,20.22,4.95,7.83,20.22,5.01,7.91,20.43,4.95,7.83,20.22,4.85,7.66,19.78,4.9,7.74,20.0,4.9,7.74,20.0,4.85,19.78,19.78,4.74,19.35,19.35
Thelonious Monk & Art Blakey,Blue Monk,Original Collection,9.59,13.81,23.99,9.59,13.81,23.99,9.69,13.95,24.25,9.59,13.81,23.99,9.38,13.51,23.48,9.49,13.66,23.74,9.49,13.66,23.74,9.38,23.48,23.48,9.18,22.96,22.96
Various,Fame - Bande Originale du Film,2022 Second Hand,0.29,4.13,18.6,0.29,4.13,18.6,0.29,4.04,18.19,0.29,4.0,18.0,0.28,3.91,17.61,0.29,3.96,17.81,0.29,3.96,17.81,0.28,17.61,17.61,0.28,17.23,17.23
Various,Festivalbar '87,Original Collection Italy,3.07,7.76,26.12,3.07,7.76,26.12,3.1,7.84,26.4,3.07,7.76,26.12,3.0,7.59,25.56,3.03,7.67,25.84,3.03,7.67,25.84,3.0,25.56,25.56,2.93,25.0,25.0
Various,I Supergruppi Vol.1,Father Collection,1.9,7.11,11.75,1.9,7.11,11.75,1.92,7.19,11.87,1.9,7.11,11.75,1.86,6.96,11.5,1.88,7.04,11.62,1.88,7.04,11.62,1.86,11.5,11.5,1.82,11.24,11.24
Various,Natale Con I Tuoi...,Original Collection Italy,0.99,3.95,7.91,0.99,3.95,7.91,1.0,3.99,8.0,1.0,3.99,8.0,0.98,3.9,7.83,0.99,3.95,7.91,0.99,3.95,7.91,0.98,7.83,7.83,0.96,7.66,7.66
Various,Pretty Woman (Soundtrack),Original Collection Italy,2.5,8.0,18.5,2.5,8.0,18.5,2.53,8.09,18.7,2.5,8.0,18.5,2.45,7.83,18.1,2.47,7.91,18.3,2.47,7.91,18.3,2.45,18.1,18.1,2.39,17.7,17.7
Various,Sanremo 86,Original Collection Italy,2.02,5.5600000000000005,20.22,2.02,5.5600000000000005,20.22,2.04,5.62,20.43,2.02,5.5600000000000005,20.22,1.98,5.44,19.78,2.0,5.5,20.0,2.0,5.0,20.0,1.98,19.78,19.78,1.9300000000000002,19.35,19.35
Various,Vision Quest (Original Motion Picture Sound Track),Original Collection Italy,1.95,5.11,25.55,1.95,5.11,25.55,1.97,5.16,25.82,1.95,5.11,25.55,1.91,5.0,25.0,1.93,5.05,25.27,1.93,5.05,25.27,1.91,25.0,25.0,1.87,24.45,24.45
Vasco Rossi,Albachiara,Original Collection Italy,7.15,15.84,40.88,7.15,15.84,40.88,7.23,16.01,41.32,7.15,15.84,40.88,7.0,15.5,40.0,7.08,15.67,40.44,7.08,15.67,40.44,7.0,40.0,40.0,6.85,39.12,39.12
Yes,Big Generator,2023 Second Hand,2.45,7.34,12.68,2.45,7.34,12.68,2.47,7.42,12.81,2.45,7.34,12.68,2.39,7.18,12.4,2.42,7.26,12.54,2.42,7.26,12.54,2.39,12.4,12.4,2.34,12.13,12.13
Yes,Going For The One,2023 Second Hand,2.86,7.15,10.22,2.86,7.15,10.22,2.89,7.23,10.33,2.86,7.15,10.22,2.8,7.0,10.0,2.83,7.08,10.11,2.83,7.08,10.11,2.8,10.0,10.0,2.74,9.78,9.78
Yes,Relayer,2023 Second Hand,5.05,9.05,15.16,5.05,9.05,15.16,5.11,9.14,15.33,5.05,9.05,15.16,4.95,8.85,14.84,5.0,8.95,15.0,5.0,8.95,15.0,4.95,14.84,14.84,4.84,14.51,14.51
